timestamp,latitude,longitude,altitude
1742390356.9004867,55.76116350666667,12.600395931666666,-3.8602
1742390356.900691,55.76116350666667,12.600395931666666,-3.8602
1742390357.8996365,55.761163976666666,12.600395678333333,-3.8779
1742390357.899932,55.761163976666666,12.600395678333333,-3.8779
1742390358.898697,55.761165293333335,12.600393786666666,-3.9109
1742390358.8990204,55.761165293333335,12.600393786666666,-3.9109
1742390359.8994703,55.76116648833333,12.600391913333333,-3.9332
1742390359.8996942,55.76116648833333,12.600391913333333,-3.9332
1742390360.8985307,55.76116804666667,12.600390015,-3.9131
1742390360.8987572,55.76116804666667,12.600390015,-3.9131
1742390361.9000335,55.761169321666664,12.600388703333333,-3.9115
1742390361.9005568,55.761169321666664,12.600388703333333,-3.9115
1742390362.901573,55.761170015,12.600389156666667,-3.9248
1742390362.9025693,55.761170015,12.600389156666667,-3.9248
1742390363.900441,55.761170215,12.600390113333333,-3.9589
1742390363.9010851,55.761170215,12.600390113333333,-3.9589
1742390364.8990414,55.76117155166666,12.600387708333333,-3.927
1742390364.8993466,55.76117155166666,12.600387708333333,-3.927
1742390365.899664,55.76117270666667,12.60038464,-3.914
1742390366.8987384,55.761172826666666,12.600383753333332,-3.9151
1742390366.8989573,55.761172826666666,12.600383753333332,-3.9151
1742390367.8998153,55.761171925,12.600385516666666,-3.9109
1742390367.9001381,55.761171925,12.600385516666666,-3.9109
1742390368.8987777,55.761170871666664,12.60038831,-3.9176
1742390369.8996885,55.76116895333333,12.600393705,-3.9548
1742390369.9007392,55.76116895333333,12.600393705,-3.9548
1742390370.8986146,55.76116667666667,12.600399608333333,-3.9294
1742390370.8988795,55.76116667666667,12.600399608333333,-3.9294
1742390371.8988757,55.761163716666665,12.600406308333334,-3.8806
1742390372.8981667,55.761161048333335,12.600412448333334,-3.8247
1742390372.8984547,55.761161048333335,12.600412448333334,-3.8247
1742390373.8995097,55.76115909833333,12.600418405,-3.7343
1742390373.8997245,55.76115909833333,12.600418405,-3.7343
1742390374.9008358,55.76115789,12.600422716666667,-3.6369
1742390374.9014866,55.76115789,12.600422716666667,-3.6369
1742390375.8983345,55.761157028333336,12.600427578333333,-3.5526
1742390376.8986783,55.76115664,12.600430436666667,-3.5129
1742390376.8989236,55.76115664,12.600430436666667,-3.5129
1742390377.8985395,55.76115583,12.600431923333334,-3.5616
1742390377.8989036,55.76115583,12.600431923333334,-3.5616
1742390378.8993707,55.761154833333336,12.60043249,-3.6305
1742390378.899388,55.761154833333336,12.60043249,-3.6305
1742390380.8980172,55.761155036666665,12.60042839,-3.6514
1742390380.8985128,55.761155036666665,12.60042839,-3.6514
1742390381.8974876,55.76115557666667,12.60042596,-3.6916
1742390381.8977528,55.76115557666667,12.60042596,-3.6916
1742390382.8983552,55.76115619833333,12.600424565,-3.7063
1742390382.8987281,55.76115619833333,12.600424565,-3.7063
1742390383.8992884,55.7611558,12.600426281666667,-3.806
1742390384.9014375,55.76115532666667,12.600428568333333,-3.8432
1742390384.9016871,55.76115532666667,12.600428568333333,-3.8432
1742390385.898046,55.76115473666667,12.600431005,-3.9022
1742390385.8982809,55.76115473666667,12.600431005,-3.9022
1742390386.899813,55.761154395,12.600433423333333,-3.9354
1742390386.900218,55.761154395,12.600433423333333,-3.9354
1742390387.8982353,55.76115376333333,12.600437111666666,-3.9715
1742390387.8986182,55.76115376333333,12.600437111666666,-3.9715
1742390388.898012,55.76115306333333,12.600440905,-3.9267
1742390389.899923,55.76115435166667,12.600444956666667,-3.7935
1742390389.9005167,55.76115435166667,12.600444956666667,-3.7935
1742390390.900862,55.761154265,12.600450626666667,-3.6813
1742390391.8991625,55.76115280166667,12.600454248333333,-3.6298
1742390391.899433,55.76115280166667,12.600454248333333,-3.6298
1742390392.900728,55.76115087,12.60045787,-3.6064
1742390392.9009662,55.76115087,12.60045787,-3.6064
1742390393.9006147,55.761147805,12.600459073333333,-3.5526
1742390393.9006248,55.761147805,12.600459073333333,-3.5526
1742390394.9020002,55.76114488,12.600457471666667,-3.4328
1742390394.9021664,55.76114488,12.600457471666667,-3.4328
1742390395.9013772,55.76114286666667,12.600457003333334,-3.2514
1742390396.8987105,55.761141411666664,12.600454763333333,-3.1843
1742390397.8977745,55.761139918333335,12.600451395,-3.0011
1742390397.8983185,55.761139918333335,12.600451395,-3.0011
1742390398.8983612,55.76113916333333,12.600447521666666,-2.8022
1742390398.8985975,55.76113916333333,12.600447521666666,-2.8022
1742390399.9005494,55.761137078333334,12.600444068333333,-2.8111
1742390399.9011772,55.761137078333334,12.600444068333333,-2.8111
1742390400.9006112,55.761135276666664,12.600445236666667,-2.9544
1742390400.9009063,55.761135276666664,12.600445236666667,-2.9544
1742390401.898001,55.76113264666667,12.600448645,-2.8345
1742390401.8981712,55.76113264666667,12.600448645,-2.8345
1742390402.898748,55.761131905,12.600447485,-2.833
1742390402.8992536,55.761131905,12.600447485,-2.833
1742390403.8992922,55.761131318333334,12.600447445,-2.9743
1742390404.900819,55.76113095833333,12.600447065,-2.9089
1742390404.9017808,55.76113095833333,12.600447065,-2.9089
1742390405.8989246,55.761130861666665,12.600446058333333,-2.9156
1742390405.8991368,55.761130861666665,12.600446058333333,-2.9156
1742390406.897847,55.76113283,12.600448366666667,-3.0794
1742390406.898219,55.76113283,12.600448366666667,-3.0794
1742390407.8990958,55.761136525,12.600453011666668,-3.1525
1742390407.8995044,55.761136525,12.600453011666668,-3.1525
1742390408.8980227,55.76113889166667,12.600457053333333,-2.9756
1742390408.8983965,55.76113889166667,12.600457053333333,-2.9756
1742390409.8987002,55.761142746666664,12.600461388333333,-3.0905
1742390409.900375,55.761142746666664,12.600461388333333,-3.0905
1742390410.8985972,55.76114699666667,12.600465475,-3.3918
1742390410.8989193,55.76114699666667,12.600465475,-3.3918
1742390411.898316,55.76115161,12.600465578333333,-3.7429
1742390411.8986683,55.76115161,12.600465578333333,-3.7429
1742390413.898923,55.761158905,12.600458698333334,-4.9511
1742390413.8991973,55.761158905,12.600458698333334,-4.9511
1742390414.900401,55.76116482166667,12.600451921666666,-5.7885
1742390414.901363,55.76116482166667,12.600451921666666,-5.7885
1742390415.9002407,55.76116767166667,12.600453216666667,-6.9351
1742390415.900256,55.76116767166667,12.600453216666667,-6.9351
1742390416.8980415,55.76117043,12.600450575,-7.6201
1742390416.898215,55.76117043,12.600450575,-7.6201
1742390417.8983116,55.76117316333333,12.600446456666667,-8.2064
1742390417.8985815,55.76117316333333,12.600446456666667,-8.2064
1742390418.8989642,55.761177896666666,12.600438681666667,-8.9573
1742390418.899223,55.761177896666666,12.600438681666667,-8.9573
1742390419.8988297,55.761179901666665,12.600437801666667,-9.2411
1742390419.8991003,55.761179901666665,12.600437801666667,-9.2411
1742390420.898144,55.76118093666667,12.60043426,-9.6232
1742390421.898705,55.761180528333334,12.600426493333334,-10.0299
1742390421.8989854,55.761180528333334,12.600426493333334,-10.0299
1742390422.898677,55.761180931666665,12.600422325,-10.5877
1742390422.8988914,55.761180931666665,12.600422325,-10.5877
1742390423.8978066,55.761182401666666,12.600419278333334,-10.9115
1742390423.8979356,55.761182401666666,12.600419278333334,-10.9115
1742390424.8999815,55.76118298,12.600416526666667,-11.2429
1742390424.9002738,55.76118298,12.600416526666667,-11.2429
1742390425.8982513,55.76118200333333,12.600414498333333,-11.4926
1742390426.8994486,55.761179846666664,12.600413745,-11.488
1742390426.8998833,55.761179846666664,12.600413745,-11.488
1742390428.8988981,55.76117473666667,12.600410278333333,-10.8995
1742390428.8989117,55.76117473666667,12.600410278333333,-10.8995
1742390429.8990312,55.76117452,12.600401163333334,-10.8488
1742390429.8994005,55.76117452,12.600401163333334,-10.8488
1742390430.8981032,55.76117392166667,12.60039571,-10.8781
1742390430.898313,55.76117392166667,12.60039571,-10.8781
1742390431.8994179,55.76117139,12.600394295,-10.7553
1742390431.8996923,55.76117139,12.600394295,-10.7553
1742390432.8995526,55.76116786666667,12.600393281666667,-10.5491
1742390432.8999891,55.76116786666667,12.600393281666667,-10.5491
1742390433.8984373,55.76116392,12.6003923,-10.3199
1742390433.9004035,55.76116392,12.6003923,-10.3199
1742390434.9010522,55.76115974333333,12.600393276666667,-10.1215
1742390435.8979595,55.76115449,12.60039725,-10.0592
1742390435.8982563,55.76115449,12.60039725,-10.0592
1742390436.8982975,55.76114924,12.600400875,-9.9966
1742390436.8985305,55.76114924,12.600400875,-9.9966
1742390437.899124,55.761143145,12.600403351666667,-9.9964
1742390438.9008482,55.7611347,12.600404783333333,-9.911
1742390438.9012587,55.7611347,12.600404783333333,-9.911
1742390439.900018,55.761127873333336,12.600402988333334,-9.8034
1742390439.9009893,55.761127873333336,12.600402988333334,-9.8034
1742390440.8985965,55.761122525,12.600401861666667,-9.7563
1742390440.8988538,55.761122525,12.600401861666667,-9.7563
1742390441.8973746,55.761117675,12.600401671666667,-9.6903
1742390441.8975801,55.761117675,12.600401671666667,-9.6903
1742390442.8994431,55.76111342833333,12.600399053333334,-9.6602
1742390442.8994527,55.76111342833333,12.600399053333334,-9.6602
1742390443.9002268,55.76111065333333,12.600393465,-9.8286
1742390443.9006765,55.76111065333333,12.600393465,-9.8286
1742390444.9009323,55.76110726666667,12.600390135,-10.0714
1742390444.9011123,55.76110726666667,12.600390135,-10.0714
1742390445.8986106,55.76110669,12.600385376666667,-10.3191
1742390445.8989,55.76110669,12.600385376666667,-10.3191
1742390446.8983815,55.761110351666666,12.600384195,-10.5175
1742390447.8988748,55.761112491666665,12.600379715,-10.6684
1742390447.8994484,55.761112491666665,12.600379715,-10.6684
1742390448.898306,55.76111332333333,12.600373171666666,-10.8319
1742390448.8985257,55.76111332333333,12.600373171666666,-10.8319
1742390449.900931,55.76111344,12.600367886666668,-11.0189
1742390450.8988147,55.761119631666666,12.600368443333334,-11.0783
1742390450.8992045,55.761119631666666,12.600368443333334,-11.0783
1742390451.898632,55.761125408333335,12.600375343333333,-11.174
1742390451.8990295,55.761125408333335,12.600375343333333,-11.174
1742390452.899458,55.761128475,12.600379443333333,-11.133
1742390453.8990796,55.761130005,12.60038394,-11.0808
1742390453.8992825,55.761130005,12.60038394,-11.0808
1742390454.899289,55.76112998,12.600387675,-11.1231
1742390454.8993778,55.76112998,12.600387675,-11.1231
1742390455.8994465,55.761128445,12.60039098,-11.1501
1742390455.8996837,55.761128445,12.60039098,-11.1501
1742390456.8979797,55.76112678166667,12.600395093333333,-11.2118
1742390456.8982916,55.76112678166667,12.600395093333333,-11.2118
1742390457.8977818,55.7611257,12.600399501666667,-11.2908
1742390457.898181,55.7611257,12.600399501666667,-11.2908
1742390458.898624,55.761127161666664,12.600403555,-11.3423
1742390458.8992314,55.761127161666664,12.600403555,-11.3423
1742390459.8993678,55.761129555,12.600406873333334,-11.3526
1742390459.8996346,55.761129555,12.600406873333334,-11.3526
1742390460.899034,55.76113131166667,12.600410118333333,-11.3968
1742390460.8993268,55.76113131166667,12.600410118333333,-11.3968
1742390461.8984745,55.76113112,12.600413763333334,-11.4981
1742390461.8984923,55.76113112,12.600413763333334,-11.4981
1742390462.8977458,55.761129895,12.60041798,-11.6454
1742390462.8982162,55.761129895,12.60041798,-11.6454
1742390463.8977046,55.761127556666665,12.600424233333333,-12.0263
1742390463.898098,55.761127556666665,12.600424233333333,-12.0263
1742390464.8992693,55.761124716666664,12.600427433333333,-12.4366
1742390464.8995125,55.761124716666664,12.600427433333333,-12.4366
1742390465.8971212,55.76112220833333,12.60042822,-12.5374
1742390465.8973672,55.76112220833333,12.60042822,-12.5374
1742390466.8978894,55.761120401666666,12.60042759,-12.621
1742390466.8981013,55.761120401666666,12.60042759,-12.621
1742390467.897486,55.76111851666667,12.600429991666667,-12.9388
1742390468.8976934,55.76111818333333,12.600433061666667,-13.3868
1742390468.898079,55.76111818333333,12.600433061666667,-13.3868
1742390469.9026382,55.761120883333334,12.600438521666666,-13.997
1742390469.9028783,55.761120883333334,12.600438521666666,-13.997
1742390471.8983717,55.76112624,12.600448711666667,-14.7246
1742390471.8986425,55.76112624,12.600448711666667,-14.7246
1742390472.8981485,55.761127125,12.600453118333334,-14.9844
1742390472.898333,55.761127125,12.600453118333334,-14.9844
1742390473.8992138,55.76112875,12.600456453333333,-14.9559
1742390473.899665,55.76112875,12.600456453333333,-14.9559
1742390474.8986795,55.76113074,12.600459153333333,-14.8393
1742390474.8989165,55.76113074,12.600459153333333,-14.8393
1742390475.8973877,55.761132735,12.600464246666666,-14.792
1742390475.8976564,55.761132735,12.600464246666666,-14.792
1742390476.898342,55.761129671666666,12.600480418333333,-15.4919
1742390476.8985698,55.761129671666666,12.600480418333333,-15.4919
1742390478.900226,55.761125675,12.600526506666666,-15.3722
1742390478.9002361,55.761125675,12.600526506666666,-15.3722
1742390479.8986561,55.761125406666665,12.600559366666667,-15.3053
1742390479.8989391,55.761125406666665,12.600559366666667,-15.3053
1742390480.8981144,55.761125883333335,12.600594163333334,-15.2902
1742390480.8981228,55.761125883333335,12.600594163333334,-15.2902
1742390481.8981783,55.76112423666667,12.600629346666667,-14.959
1742390481.89843,55.76112423666667,12.600629346666667,-14.959
1742390482.8983376,55.761121968333335,12.600664766666666,-14.4839
1742390482.8983557,55.761121968333335,12.600664766666666,-14.4839
1742390484.898125,55.76111921,12.600731338333333,-13.4479
1742390484.898369,55.76111921,12.600731338333333,-13.4479
1742390485.8984807,55.761118435,12.600759663333333,-13.0933
1742390485.8987331,55.761118435,12.600759663333333,-13.0933
1742390486.8985152,55.76111942666667,12.600782038333334,-12.9813
1742390486.898969,55.76111942666667,12.600782038333334,-12.9813
1742390487.8976014,55.76111796,12.600796345,-13.2178
1742390487.897837,55.76111796,12.600796345,-13.2178
1742390488.897529,55.761115688333334,12.600804218333334,-13.4081
1742390488.8977964,55.761115688333334,12.600804218333334,-13.4081
1742390489.9003258,55.761113255,12.600812176666667,-13.7018
1742390489.900596,55.761113255,12.600812176666667,-13.7018
1742390490.8973985,55.76110973833333,12.600817668333333,-13.9961
1742390490.897409,55.76110973833333,12.600817668333333,-13.9961
1742390491.8991532,55.76110585666667,12.600823265,-14.2831
1742390492.8981903,55.76110284666667,12.600828323333333,-14.5218
1742390492.898587,55.76110284666667,12.600828323333333,-14.5218
1742390493.897495,55.76110052666667,12.600831766666667,-14.5987
1742390493.897973,55.76110052666667,12.600831766666667,-14.5987
1742390494.8975587,55.76109844,12.600834065,-14.6257
1742390495.8976226,55.76109708166667,12.600846358333333,-14.7276
1742390495.8978808,55.76109708166667,12.600846358333333,-14.7276
1742390497.8978624,55.76109658166666,12.600910198333333,-14.9178
1742390497.89836,55.76109658166666,12.600910198333333,-14.9178
1742390499.8992128,55.76110440666667,12.600971306666667,-14.9284
1742390499.8994133,55.76110440666667,12.600971306666667,-14.9284
1742390500.8979273,55.76110971166667,12.60100337,-14.9231
1742390500.8982296,55.76110971166667,12.60100337,-14.9231
1742390501.9001818,55.76111443166667,12.601034601666667,-14.9447
1742390502.8980207,55.76111751,12.601056833333333,-14.8871
1742390502.8984556,55.76111751,12.601056833333333,-14.8871
1742390503.8978617,55.761117158333334,12.601075035,-14.9223
1742390503.8981674,55.761117158333334,12.601075035,-14.9223
1742390504.8970976,55.76111480666667,12.601089601666667,-15.0308
1742390504.897403,55.76111480666667,12.601089601666667,-15.0308
1742390505.8976328,55.76111194666667,12.601101418333334,-15.1836
1742390505.8978796,55.76111194666667,12.601101418333334,-15.1836
1742390506.8983896,55.76110959,12.601105623333334,-15.6758
1742390506.8986418,55.76110959,12.601105623333334,-15.6758
1742390507.89844,55.76110747,12.60110636,-15.6551
1742390508.8977983,55.76110716,12.601104435,-15.6263
1742390508.8983898,55.76110716,12.601104435,-15.6263
1742390509.8996313,55.761106095,12.601109525,-15.5966
1742390509.8999674,55.761106095,12.601109525,-15.5966
1742390510.8974211,55.7611065,12.601116226666667,-15.3987
1742390510.8976967,55.7611065,12.601116226666667,-15.3987
1742390511.8994172,55.761104935,12.601120075,-15.3164
1742390511.899514,55.761104935,12.601120075,-15.3164
1742390512.897928,55.761103023333334,12.601124795,-15.1609
1742390512.8982372,55.761103023333334,12.601124795,-15.1609
1742390513.900025,55.761099895,12.601133451666668,-14.839
1742390513.9007146,55.761099895,12.601133451666668,-14.839
1742390514.8970835,55.761100066666664,12.601139333333334,-14.5958
1742390514.8973513,55.761100066666664,12.601139333333334,-14.5958
1742390515.8965278,55.76110151333334,12.60114631,-14.2654
1742390515.8968892,55.76110151333334,12.60114631,-14.2654
1742390516.896829,55.761102408333336,12.601153158333334,-14.1372
1742390516.8971045,55.761102408333336,12.601153158333334,-14.1372
1742390517.897185,55.76110341,12.601158728333333,-14.0553
1742390517.897328,55.76110341,12.601158728333333,-14.0553
1742390518.89677,55.761104673333335,12.601163201666667,-14.1494
1742390518.8971677,55.761104673333335,12.601163201666667,-14.1494
1742390519.8979735,55.76110289,12.601167323333334,-14.2412
1742390519.8985739,55.76110289,12.601167323333334,-14.2412
1742390520.898852,55.76109993666667,12.601171375,-14.4233
1742390520.8994381,55.76109993666667,12.601171375,-14.4233
1742390521.8970468,55.761099785,12.60117322,-14.6637
1742390521.8974488,55.761099785,12.60117322,-14.6637
1742390522.8984964,55.76109840666667,12.601171235,-14.8994
1742390522.898737,55.76109840666667,12.601171235,-14.8994
1742390523.8977046,55.76109782333333,12.60116934,-14.9505
1742390523.8980489,55.76109782333333,12.60116934,-14.9505
1742390524.8975458,55.76109816833333,12.601165841666667,-14.7754
1742390524.8978071,55.76109816833333,12.601165841666667,-14.7754
1742390525.8973663,55.761099748333336,12.60116177,-14.4945
1742390525.8979,55.761099748333336,12.60116177,-14.4945
1742390526.897973,55.761102975,12.601158403333333,-14.1784
1742390526.898215,55.761102975,12.601158403333333,-14.1784
1742390527.896671,55.761106393333336,12.601154876666667,-13.8478
1742390527.8969429,55.761106393333336,12.601154876666667,-13.8478
1742390528.8989556,55.76110590333333,12.601144248333334,-13.596
1742390528.8996,55.76110590333333,12.601144248333334,-13.596
1742390529.9003549,55.761100496666664,12.601122151666667,-13.3736
1742390529.9006028,55.761100496666664,12.601122151666667,-13.3736
1742390530.8983278,55.76109334666667,12.601093348333333,-13.1369
1742390530.8985581,55.76109334666667,12.601093348333333,-13.1369
1742390531.8981447,55.761085593333334,12.601061498333333,-12.8355
1742390531.898426,55.761085593333334,12.601061498333333,-12.8355
1742390532.898433,55.76108102333333,12.60102812,-12.4439
1742390532.8986595,55.76108102333333,12.60102812,-12.4439
1742390533.8971012,55.76108133333334,12.600994791666666,-11.8833
1742390533.8974333,55.76108133333334,12.600994791666666,-11.8833
1742390534.8985043,55.76108008166667,12.600961146666666,-11.2974
1742390534.8988023,55.76108008166667,12.600961146666666,-11.2974
1742390535.8991668,55.76107501,12.600927813333334,-10.8987
1742390535.8994014,55.76107501,12.600927813333334,-10.8987
1742390536.8986933,55.7610668,12.600894985,-10.5674
1742390536.898918,55.7610668,12.600894985,-10.5674
1742390537.8977401,55.7610572,12.600864243333334,-10.3291
1742390538.897844,55.76104816666667,12.600838206666667,-10.1057
1742390538.8983278,55.76104816666667,12.600838206666667,-10.1057
1742390539.8995392,55.76104440333334,12.600821798333333,-10.0477
1742390539.899797,55.76104440333334,12.600821798333333,-10.0477
1742390540.8975563,55.76104115,12.600810053333333,-9.9762
1742390540.897867,55.76104115,12.600810053333333,-9.9762
1742390541.8975787,55.76103769833333,12.600805656666667,-9.8466
1742390542.8977878,55.761036565,12.600798778333333,-9.6544
1742390542.8984451,55.761036565,12.600798778333333,-9.6544
1742390543.8963857,55.76103421166667,12.600795433333333,-9.3844
1742390543.8967855,55.76103421166667,12.600795433333333,-9.3844
1742390544.8989098,55.761032238333335,12.600790758333334,-9.0857
1742390544.8992128,55.761032238333335,12.600790758333334,-9.0857
1742390545.8985925,55.761032275,12.600781545,-8.7314
1742390545.8988357,55.761032275,12.600781545,-8.7314
1742390546.897859,55.76102914333333,12.600777948333333,-8.4022
1742390546.8978689,55.76102914333333,12.600777948333333,-8.4022
1742390547.8984513,55.761027715,12.600769186666666,-8.0408
1742390547.8987062,55.761027715,12.600769186666666,-8.0408
1742390549.8983293,55.761019485,12.600762616666668,-7.5595
1742390549.8985744,55.761019485,12.600762616666668,-7.5595
1742390550.897517,55.761017265,12.600756105,-7.8563
1742390550.897875,55.761017265,12.600756105,-7.8563
1742390551.897713,55.761014018333334,12.600757216666667,-7.8215
1742390551.8982637,55.761014018333334,12.600757216666667,-7.8215
1742390552.8979504,55.761010838333334,12.60076078,-7.5502
1742390553.897467,55.76100847666667,12.600765921666667,-7.2229
1742390553.8978848,55.76100847666667,12.600765921666667,-7.2229
1742390555.8971188,55.76100689,12.600774356666667,-6.7381
1742390555.8973565,55.76100689,12.600774356666667,-6.7381
1742390556.8965137,55.761007121666665,12.600778815,-6.7088
1742390556.8967297,55.761007121666665,12.600778815,-6.7088
1742390557.8983886,55.76100529166666,12.60078127,-6.7303
1742390557.8987854,55.76100529166666,12.60078127,-6.7303
1742390558.8962705,55.761003055,12.600785931666667,-6.9231
1742390558.8965838,55.761003055,12.600785931666667,-6.9231
1742390559.8975427,55.761000745,12.600791148333334,-7.3513
1742390559.8978584,55.761000745,12.600791148333334,-7.3513
1742390560.8960462,55.76100078333333,12.600795073333334,-7.7176
1742390560.89626,55.76100078333333,12.600795073333334,-7.7176
1742390561.896105,55.76100237333333,12.600797885,-8.1055
1742390561.8962064,55.76100237333333,12.600797885,-8.1055
1742390563.8971088,55.761002561666665,12.600804181666666,-9.0966
1742390563.8976476,55.761002561666665,12.600804181666666,-9.0966
1742390564.8988535,55.761002045,12.600805708333333,-9.8125
1742390564.8991842,55.761002045,12.600805708333333,-9.8125
1742390565.89656,55.76099899333333,12.60080186,-10.8295
1742390565.8968244,55.76099899333333,12.60080186,-10.8295
1742390566.8968554,55.76099367333333,12.600784441666667,-11.3394
1742390566.8972118,55.76099367333333,12.600784441666667,-11.3394
1742390567.8976276,55.76099044833333,12.600767578333333,-11.5191
1742390567.8984015,55.76099044833333,12.600767578333333,-11.5191
1742390568.89844,55.760986628333335,12.600754405,-11.4624
1742390568.8987439,55.760986628333335,12.600754405,-11.4624
1742390569.897673,55.76098450333333,12.600747523333334,-11.431
1742390569.8981423,55.76098450333333,12.600747523333334,-11.431
1742390570.8976321,55.760985833333336,12.600740233333333,-11.3811
1742390570.89793,55.760985833333336,12.600740233333333,-11.3811
1742390571.8959756,55.760986253333336,12.600732441666667,-11.4988
1742390571.896223,55.760986253333336,12.600732441666667,-11.4988
1742390572.8970137,55.760986805,12.600725411666666,-11.7179
1742390572.8972776,55.760986805,12.600725411666666,-11.7179
1742390574.8981059,55.760987566666664,12.600715655,-12.0827
1742390574.8986688,55.760987566666664,12.600715655,-12.0827
1742390575.8962605,55.76098748166667,12.600712623333333,-12.2136
1742390576.8960803,55.76098794,12.600710668333333,-12.4665
1742390577.8966825,55.76098831833333,12.60071184,-12.7641
1742390577.8972821,55.76098831833333,12.60071184,-12.7641
1742390578.8987722,55.760986335,12.600729606666667,-12.821
1742390578.8990772,55.760986335,12.600729606666667,-12.821
1742390579.8986375,55.76098324666667,12.600760771666666,-12.9013
1742390579.8988903,55.76098324666667,12.600760771666666,-12.9013
1742390581.8966987,55.76097527666667,12.600834271666667,-13.372
1742390582.8971255,55.76097264,12.600860611666667,-13.4122
1742390582.897419,55.76097264,12.600860611666667,-13.4122
1742390583.8982818,55.760970091666664,12.600877613333333,-13.5796
1742390583.8986232,55.760970091666664,12.600877613333333,-13.5796
1742390585.8961828,55.760967825,12.600898913333333,-13.9605
1742390585.8965042,55.760967825,12.600898913333333,-13.9605
1742390587.896767,55.760968958333336,12.600907621666666,-14.1994
1742390587.8970006,55.760968958333336,12.600907621666666,-14.1994
1742390588.8962646,55.760968065,12.600909895,-14.2024
1742390588.896527,55.760968065,12.600909895,-14.2024
1742390589.8974516,55.760970375,12.600911928333334,-14.2397
1742390589.8977838,55.760970375,12.600911928333334,-14.2397
1742390591.8958135,55.760966685,12.600908293333333,-15.4666
1742390591.8960304,55.760966685,12.600908293333333,-15.4666
1742390592.8972714,55.760963546666666,12.600902008333334,-15.5254
1742390592.8976462,55.760963546666666,12.600902008333334,-15.5254
1742390593.896888,55.760960275,12.600899228333333,-15.6008
1742390593.8971846,55.760960275,12.600899228333333,-15.6008
1742390594.897265,55.760958568333336,12.600897936666666,-15.5099
1742390594.897481,55.760958568333336,12.600897936666666,-15.5099
1742390595.8969545,55.76095634333333,12.600897591666667,-15.4129
1742390595.8972352,55.76095634333333,12.600897591666667,-15.4129
1742390596.8965156,55.760953145,12.600898116666666,-15.2052
1742390596.896789,55.760953145,12.600898116666666,-15.2052
1742390599.8986094,55.760944583333334,12.60089668,-14.7731
1742390599.8988342,55.760944583333334,12.60089668,-14.7731
1742390600.897781,55.76094014666667,12.600889795,-14.4747
1742390600.8980222,55.76094014666667,12.600889795,-14.4747
1742390601.8959923,55.76093631,12.600884408333334,-14.449
1742390602.89688,55.760933546666664,12.600879065,-14.3955
1742390603.8964496,55.76093036666666,12.600875658333333,-14.4085
1742390603.896902,55.76093036666666,12.600875658333333,-14.4085
1742390604.8976011,55.760927253333335,12.60087081,-14.5022
1742390604.8979943,55.760927253333335,12.60087081,-14.5022
1742390605.8969712,55.76092501666667,12.60086917,-14.5123
1742390606.8959916,55.76092319333333,12.600867473333333,-14.616
1742390607.896264,55.76092421833334,12.60086954,-14.7421
1742390607.8966403,55.76092421833334,12.60086954,-14.7421
1742390608.897164,55.76093066166667,12.600884403333334,-14.8196
1742390608.8974426,55.76093066166667,12.600884403333334,-14.8196
1742390609.8974097,55.760940891666664,12.600905531666667,-14.9129
1742390609.8976855,55.760940891666664,12.600905531666667,-14.9129
1742390610.897022,55.76095292,12.600927551666667,-15.0848
1742390610.8972273,55.76095292,12.600927551666667,-15.0848
1742390611.896052,55.76096411166667,12.600945105,-15.2045
1742390611.8966644,55.76096411166667,12.600945105,-15.2045
1742390612.895457,55.76097724833333,12.600960691666666,-15.3683
1742390612.8957598,55.76097724833333,12.600960691666666,-15.3683
1742390615.8979366,55.76102261,12.600993701666667,-15.4832
1742390615.897956,55.76102261,12.600993701666667,-15.4832
1742390616.8962462,55.76103514,12.60099124,-15.4156
1742390616.8965137,55.76103514,12.60099124,-15.4156
1742390617.8957546,55.761043003333334,12.600983926666666,-15.3398
1742390618.8979654,55.761046175,12.600974961666667,-15.1117
1742390618.898041,55.761046175,12.600974961666667,-15.1117
1742390619.8982263,55.76104891333333,12.600960456666666,-14.8149
1742390619.8985677,55.76104891333333,12.600960456666666,-14.8149
1742390620.8977907,55.76104487333333,12.600945398333334,-14.6038
1742390620.898082,55.76104487333333,12.600945398333334,-14.6038
1742390621.8965077,55.76104108166667,12.600929845,-13.9678
1742390621.8967369,55.76104108166667,12.600929845,-13.9678
1742390622.8973045,55.76103459666667,12.600925228333333,-13.6051
1742390622.8978856,55.76103459666667,12.600925228333333,-13.6051
1742390623.8964248,55.76103398666667,12.600925776666667,-12.8694
1742390623.8968353,55.76103398666667,12.600925776666667,-12.8694
1742390624.898369,55.76103452,12.600933088333333,-12.4699
1742390626.8961737,55.76104358166667,12.600951253333333,-12.0545
1742390626.8964555,55.76104358166667,12.600951253333333,-12.0545
1742390627.8977892,55.761053045,12.60094865,-11.8365
1742390627.8985832,55.761053045,12.60094865,-11.8365
1742390629.8974552,55.761060265,12.60092105,-11.2055
1742390630.8956263,55.76105892333333,12.600909386666666,-10.8848
1742390631.8960087,55.76105335166667,12.60089804,-10.2441
1742390631.8963094,55.76105335166667,12.60089804,-10.2441
1742390632.8991067,55.76104379,12.600899461666666,-9.8283
1742390633.897014,55.76103997,12.600906166666666,-9.9057
1742390633.8972964,55.76103997,12.600906166666666,-9.9057
1742390634.8966026,55.76104485166667,12.600915206666667,-9.4766
1742390634.8968186,55.76104485166667,12.600915206666667,-9.4766
1742390635.8980105,55.76105510666667,12.600929521666666,-9.3742
1742390635.8983922,55.76105510666667,12.600929521666666,-9.3742
1742390636.897017,55.761067258333334,12.600941626666666,-9.4304
1742390636.8974195,55.761067258333334,12.600941626666666,-9.4304
1742390637.896131,55.76107729666667,12.600954335,-9.3584
1742390637.8963861,55.76107729666667,12.600954335,-9.3584
1742390638.8969176,55.76108501833333,12.600962695,-9.2951
1742390638.8971303,55.76108501833333,12.600962695,-9.2951
1742390639.8975036,55.761087976666666,12.600962135,-9.2041
1742390640.8966722,55.761082055,12.600955975,-9.2682
1742390641.8961024,55.761078765,12.600951321666667,-9.232
1742390641.8963075,55.761078765,12.600951321666667,-9.232
1742390642.8964798,55.761082785,12.600948916666667,-8.9833
1742390642.8967998,55.761082785,12.600948916666667,-8.9833
1742390643.8962448,55.761084535,12.600948275,-8.7958
1742390643.896511,55.761084535,12.600948275,-8.7958
1742390644.8982441,55.761081415,12.600953036666667,-8.6061
1742390644.8985014,55.761081415,12.600953036666667,-8.6061
1742390645.8962033,55.76107759666667,12.600956741666666,-8.3319
1742390645.8964458,55.76107759666667,12.600956741666666,-8.3319
1742390646.8953366,55.76107577333333,12.600961908333334,-8.0183
1742390647.8967845,55.76107441333333,12.600968476666667,-7.7249
1742390647.8971565,55.76107441333333,12.600968476666667,-7.7249
1742390649.8983746,55.76106583166667,12.600980696666667,-6.9962
1742390649.8987248,55.76106583166667,12.600980696666667,-6.9962
1742390650.8949986,55.76105740333333,12.600981178333333,-6.7479
1742390650.8952713,55.76105740333333,12.600981178333333,-6.7479
1742390651.897049,55.76105424166666,12.600972206666667,-6.6872
1742390651.8971436,55.76105424166666,12.600972206666667,-6.6872
1742390652.895421,55.761056295,12.600961961666666,-6.218
1742390652.8956819,55.761056295,12.600961961666666,-6.218
1742390653.8951807,55.761055095,12.600961873333333,-6.7383
1742390653.8955498,55.761055095,12.600961873333333,-6.7383
1742390654.8991785,55.76105692666667,12.600959791666666,-6.8868
1742390654.9005268,55.76105692666667,12.600959791666666,-6.8868
1742390655.8985171,55.76105441166666,12.600962246666667,-7.083
1742390655.899102,55.76105441166666,12.600962246666667,-7.083
1742390656.896304,55.761054146666666,12.600963176666667,-6.825
1742390656.8965323,55.761054146666666,12.600963176666667,-6.825
1742390657.8967874,55.76105284,12.600965738333333,-6.8639
1742390657.8971598,55.76105284,12.600965738333333,-6.8639
1742390658.896953,55.761048966666664,12.600965876666667,-6.8788
1742390658.8975523,55.761048966666664,12.600965876666667,-6.8788
1742390659.8980181,55.76104318,12.600966688333333,-6.9259
1742390659.8983037,55.76104318,12.600966688333333,-6.9259
1742390660.8963208,55.761040226666665,12.600971065,-7.1542
1742390660.8965917,55.761040226666665,12.600971065,-7.1542
1742390661.896505,55.76103643333333,12.600974183333333,-7.3036
1742390661.8967547,55.76103643333333,12.600974183333333,-7.3036
1742390662.8975935,55.76103345833333,12.600973838333333,-7.6038
1742390662.8979378,55.76103345833333,12.600973838333333,-7.6038
1742390663.897149,55.761033211666664,12.600970741666666,-7.4374
1742390663.8974369,55.761033211666664,12.600970741666666,-7.4374
1742390664.8972964,55.761034555,12.600971983333332,-7.2041
1742390664.8978004,55.761034555,12.600971983333332,-7.2041
1742390665.8955932,55.76103629666667,12.600974316666667,-7.1681
1742390665.8958023,55.76103629666667,12.600974316666667,-7.1681
1742390666.8980348,55.761036968333336,12.600977993333334,-7.1527
1742390667.8960304,55.761035021666665,12.600983411666666,-7.2102
1742390667.8964825,55.761035021666665,12.600983411666666,-7.2102
1742390668.8993368,55.761033706666666,12.600988346666666,-7.2086
1742390668.899824,55.761033706666666,12.600988346666666,-7.2086
1742390669.8974254,55.761034351666666,12.600992818333333,-7.1072
1742390669.8980126,55.761034351666666,12.600992818333333,-7.1072
1742390670.8974693,55.761035168333336,12.60099646,-7.1373
1742390670.897788,55.761035168333336,12.60099646,-7.1373
1742390671.896535,55.761031593333335,12.600999261666667,-7.3489
1742390672.895934,55.76102831,12.601001341666667,-7.5048
1742390672.8962862,55.76102831,12.601001341666667,-7.5048
1742390675.896687,55.76102384833333,12.601012758333333,-7.7024
1742390675.8969064,55.76102384833333,12.601012758333333,-7.7024
1742390676.8965933,55.761021633333336,12.601016273333334,-8.0269
1742390676.896838,55.761021633333336,12.601016273333334,-8.0269
1742390677.8962536,55.76102322166667,12.601012331666666,-8.2429
1742390677.8966994,55.76102322166667,12.601012331666666,-8.2429
1742390678.8985558,55.761026236666666,12.600997015,-8.3324
1742390678.8989859,55.761026236666666,12.600997015,-8.3324
1742390679.897889,55.76102832833333,12.60097513,-8.3083
1742390679.8982258,55.76102832833333,12.60097513,-8.3083
1742390680.8955224,55.761028188333334,12.600949258333333,-8.4961
1742390680.895538,55.761028188333334,12.600949258333333,-8.4961
1742390681.8976114,55.761027571666666,12.600919105,-8.7239
1742390681.8978434,55.761027571666666,12.600919105,-8.7239
1742390682.8969476,55.761027471666665,12.60088736,-8.9028
1742390682.8979232,55.761027471666665,12.60088736,-8.9028
1742390683.8973303,55.7610274,12.600855858333333,-9.0489
1742390683.8975513,55.7610274,12.600855858333333,-9.0489
1742390684.8978336,55.761027758333334,12.600824008333333,-9.1208
1742390684.8982248,55.761027758333334,12.600824008333333,-9.1208
1742390685.8968542,55.76102817,12.600789598333334,-9.1959
1742390685.896875,55.76102817,12.600789598333334,-9.1959
1742390686.8963177,55.761028753333335,12.600755173333333,-9.2887
1742390686.89662,55.761028753333335,12.600755173333333,-9.2887
1742390687.8953927,55.76102875833333,12.60072174,-9.2588
1742390687.895609,55.76102875833333,12.60072174,-9.2588
1742390688.896705,55.76102845333333,12.600687643333334,-9.2334
1742390688.8970437,55.76102845333333,12.600687643333334,-9.2334
1742390689.8962708,55.76102803333333,12.600653163333334,-9.2005
1742390689.8965034,55.76102803333333,12.600653163333334,-9.2005
1742390690.8976543,55.761027176666666,12.600623018333334,-9.1739
1742390690.8978767,55.761027176666666,12.600623018333334,-9.1739
1742390691.8956854,55.76103460833333,12.600601338333334,-9.1182
1742390692.896455,55.761042163333336,12.600581783333332,-9.0228
1742390692.897282,55.761042163333336,12.600581783333332,-9.0228
1742390693.8954754,55.76104366333333,12.600571305,-9.0174
1742390694.8970892,55.761042536666665,12.600560758333334,-9.1523
1742390694.8974059,55.761042536666665,12.600560758333334,-9.1523
1742390695.896766,55.76104098333333,12.600549686666668,-9.3268
1742390695.8968596,55.76104098333333,12.600549686666668,-9.3268
1742390696.8950171,55.761039466666666,12.60053788,-9.56
1742390696.8952382,55.761039466666666,12.60053788,-9.56
1742390697.8954587,55.761039923333335,12.6005257,-9.7774
1742390697.8958442,55.761039923333335,12.6005257,-9.7774
1742390698.8963869,55.7610397,12.600513971666667,-10.0451
1742390698.8967276,55.7610397,12.600513971666667,-10.0451
1742390699.897054,55.761040701666666,12.600505331666668,-10.3663
1742390699.8984232,55.761040701666666,12.600505331666668,-10.3663
1742390700.8964615,55.761039955,12.600498991666667,-10.5665
1742390700.8967743,55.761039955,12.600498991666667,-10.5665
1742390702.8965805,55.76104084166667,12.600497298333334,-10.8063
1742390702.896952,55.76104084166667,12.600497298333334,-10.8063
1742390703.8960392,55.761041725,12.60049099,-10.7464
1742390703.8960488,55.761041725,12.60049099,-10.7464
1742390704.8958714,55.761041821666666,12.600483808333333,-10.775
1742390704.8960862,55.761041821666666,12.600483808333333,-10.775
1742390705.8971581,55.76104163833333,12.60047734,-10.8176
1742390705.897416,55.76104163833333,12.60047734,-10.8176
1742390706.8957236,55.76104000833333,12.600482456666667,-10.75
1742390706.8959534,55.76104000833333,12.600482456666667,-10.75
1742390707.8964,55.76103273166667,12.600506068333333,-10.5051
1742390707.8969517,55.76103273166667,12.600506068333333,-10.5051
1742390709.8967266,55.761017288333335,12.600554918333334,-9.8424
1742390709.8970003,55.761017288333335,12.600554918333334,-9.8424
1742390710.8985116,55.76101055666667,12.600568335,-9.7661
1742390710.898893,55.76101055666667,12.600568335,-9.7661
1742390711.8951771,55.76100683333333,12.600578195,-9.7564
1742390711.8953793,55.76100683333333,12.600578195,-9.7564
1742390712.8951201,55.761008735,12.60058682,-9.7343
1742390712.8954072,55.761008735,12.60058682,-9.7343
1742390714.8977084,55.76101152,12.600594938333334,-9.6121
1742390714.898017,55.76101152,12.600594938333334,-9.6121
1742390715.896122,55.761010461666665,12.600596146666666,-9.5103
1742390715.8965237,55.761010461666665,12.600596146666666,-9.5103
1742390716.8970788,55.76100688333333,12.600594863333333,-9.5504
1742390716.8973017,55.76100688333333,12.600594863333333,-9.5504
1742390717.896262,55.761004826666664,12.600590896666667,-9.4228
1742390717.8965003,55.761004826666664,12.600590896666667,-9.4228
1742390718.8961432,55.7610031,12.600583943333334,-8.9747
1742390718.896427,55.7610031,12.600583943333334,-8.9747
1742390719.8974893,55.761002245,12.600577623333333,-8.792
1742390719.8978188,55.761002245,12.600577623333333,-8.792
1742390720.8958127,55.760998955,12.600574123333333,-9.1346
1742390720.8960721,55.760998955,12.600574123333333,-9.1346
1742390721.8952348,55.76099609333333,12.600569985,-9.3717
1742390721.897862,55.76099609333333,12.600569985,-9.3717
1742390722.895973,55.76099097666667,12.600568701666667,-9.2994
1742390722.896366,55.76099097666667,12.600568701666667,-9.2994
1742390723.8967824,55.76098330833333,12.600574285,-9.4416
1742390723.8969054,55.76098330833333,12.600574285,-9.4416
1742390724.8971012,55.760978535,12.600579333333334,-9.582
1742390725.8951454,55.76097472833333,12.60058106,-9.6829
1742390725.8954012,55.76097472833333,12.60058106,-9.6829
1742390726.8960993,55.76097209833333,12.600582598333334,-9.8704
1742390726.8967345,55.76097209833333,12.600582598333334,-9.8704
1742390727.8958967,55.76096935666666,12.600586215,-10.2162
1742390727.8963075,55.76096935666666,12.600586215,-10.2162
1742390728.8954182,55.76097597333333,12.600600616666666,-10.5524
1742390728.8958535,55.76097597333333,12.600600616666666,-10.5524
1742390729.8964937,55.760986026666664,12.60062269,-10.7704
1742390729.8976119,55.760986026666664,12.60062269,-10.7704
1742390730.895688,55.760997208333336,12.600644173333333,-10.9371
1742390731.8967705,55.76100990333333,12.600667023333333,-11.0229
1742390731.896789,55.76100990333333,12.600667023333333,-11.0229
1742390732.8951707,55.76102319833333,12.600688615,-11.2853
1742390732.895605,55.76102319833333,12.600688615,-11.2853
1742390733.8972828,55.76103715333333,12.60070983,-11.5931
1742390733.89802,55.76103715333333,12.60070983,-11.5931
1742390734.8977158,55.76105219833333,12.600729353333334,-11.8878
1742390734.8981578,55.76105219833333,12.600729353333334,-11.8878
1742390735.8972907,55.76106724666667,12.600749016666667,-12.2968
1742390735.8975585,55.76106724666667,12.600749016666667,-12.2968
1742390736.8951805,55.761081645,12.600767955,-12.6438
1742390736.8955193,55.761081645,12.600767955,-12.6438
1742390737.8950784,55.7610953,12.60078706,-12.9706
1742390737.895491,55.7610953,12.60078706,-12.9706
1742390738.8958285,55.761107255,12.600806391666667,-13.1389
1742390738.8961926,55.761107255,12.600806391666667,-13.1389
1742390739.895845,55.76111629166667,12.600820831666667,-13.2415
1742390739.8964262,55.76111629166667,12.600820831666667,-13.2415
1742390740.8953474,55.761124153333334,12.600829838333333,-13.4017
1742390740.8955653,55.761124153333334,12.600829838333333,-13.4017
1742390741.896035,55.76112874166667,12.600834993333333,-13.3748
1742390741.896506,55.76112874166667,12.600834993333333,-13.3748
1742390742.896264,55.761134085,12.60083956,-13.4387
1742390742.8964863,55.761134085,12.60083956,-13.4387
1742390743.8959906,55.76113659833333,12.600844543333332,-13.3273
1742390743.8962734,55.76113659833333,12.600844543333332,-13.3273
1742390744.8962288,55.76113662833333,12.600850631666667,-13.1681
1742390744.8970685,55.76113662833333,12.600850631666667,-13.1681
1742390745.896163,55.76113747,12.600850196666666,-12.8021
1742390745.8967755,55.76113747,12.600850196666666,-12.8021
1742390746.8970263,55.761141226666666,12.600844316666667,-12.7758
1742390746.8972862,55.761141226666666,12.600844316666667,-12.7758
1742390747.8957944,55.76114152833333,12.600844615,-12.7233
1742390747.8961484,55.76114152833333,12.600844615,-12.7233
1742390748.896626,55.761141265,12.60084594,-12.8321
1742390748.8969631,55.761141265,12.60084594,-12.8321
1742390750.8955214,55.76112528833333,12.600872546666666,-12.2758
1742390750.8957865,55.76112528833333,12.600872546666666,-12.2758
1742390751.897102,55.76111541666667,12.600895515,-12.0752
1742390751.897113,55.76111541666667,12.600895515,-12.0752
1742390752.8972385,55.76110609333333,12.600917198333333,-11.6887
1742390754.8985238,55.76109322666667,12.600965788333333,-10.9696
1742390754.8995445,55.76109322666667,12.600965788333333,-10.9696
1742390755.8961816,55.761086205,12.600990476666666,-10.6139
1742390755.8963907,55.761086205,12.600990476666666,-10.6139
1742390756.8978767,55.761076706666664,12.60101346,-10.3041
1742390756.8981926,55.761076706666664,12.60101346,-10.3041
1742390757.8972912,55.76106634666667,12.60103608,-9.9587
1742390757.8975184,55.76106634666667,12.60103608,-9.9587
1742390758.8971407,55.76105617333333,12.601060966666667,-9.7632
1742390758.8974376,55.76105617333333,12.601060966666667,-9.7632
1742390759.897945,55.761045788333334,12.601085683333332,-9.6773
1742390759.898601,55.761045788333334,12.601085683333332,-9.6773
1742390760.895317,55.761035783333334,12.601109076666667,-9.5961
1742390760.8956063,55.761035783333334,12.601109076666667,-9.5961
1742390761.8965054,55.76102556833333,12.601129925,-9.5102
1742390761.8967733,55.76102556833333,12.601129925,-9.5102
1742390762.8971627,55.76101486833333,12.601149213333333,-9.3866
1742390762.8974648,55.76101486833333,12.601149213333333,-9.3866
1742390763.8965685,55.76100447333334,12.60116903,-9.2254
1742390763.896815,55.76100447333334,12.60116903,-9.2254
1742390764.898582,55.760994905,12.60118877,-9.0615
1742390764.8993995,55.760994905,12.60118877,-9.0615
1742390765.8961284,55.760986306666666,12.601206863333333,-8.7969
1742390765.8963258,55.760986306666666,12.601206863333333,-8.7969
1742390766.8969197,55.760980538333335,12.601219286666666,-8.4405
1742390766.8972232,55.760980538333335,12.601219286666666,-8.4405
1742390767.8965373,55.76097667,12.60122844,-8.3788
1742390768.8953118,55.760973703333335,12.601234101666666,-8.5109
1742390768.8956237,55.760973703333335,12.601234101666666,-8.5109
1742390769.8984363,55.76097213166667,12.601234938333333,-8.6609
1742390769.8987792,55.76097213166667,12.601234938333333,-8.6609
1742390770.896497,55.76097038,12.601240858333334,-8.7015
1742390770.8967395,55.76097038,12.601240858333334,-8.7015
1742390772.8967848,55.76096489,12.60125148,-8.9263
1742390773.8957527,55.76096442666667,12.60126001,-8.973
1742390773.8960176,55.76096442666667,12.60126001,-8.973
1742390774.896958,55.76096755166667,12.601266355,-9.154
1742390774.8972044,55.76096755166667,12.601266355,-9.154
1742390775.896241,55.76097619,12.601284381666666,-9.2388
1742390775.8964837,55.76097619,12.601284381666666,-9.2388
1742390776.8949099,55.76098552,12.601308416666667,-9.2913
1742390776.8949313,55.76098552,12.601308416666667,-9.2913
1742390777.8968465,55.76099225666667,12.601330221666666,-9.3077
1742390777.8972065,55.76099225666667,12.601330221666666,-9.3077
1742390778.8972814,55.761001558333334,12.601349798333333,-9.3443
1742390778.897767,55.761001558333334,12.601349798333333,-9.3443
1742390779.8970256,55.76101403166667,12.601364656666666,-9.4079
1742390779.8972757,55.76101403166667,12.601364656666666,-9.4079
1742390780.89732,55.76102688666667,12.601377568333334,-9.4135
1742390780.897607,55.76102688666667,12.601377568333334,-9.4135
1742390782.8964367,55.76105395,12.601405225,-9.5391
1742390783.8957374,55.761070188333335,12.601423236666667,-9.9362
1742390783.8959975,55.761070188333335,12.601423236666667,-9.9362
1742390784.8969653,55.76108013,12.601433298333333,-10.1176
1742390784.8971884,55.76108013,12.601433298333333,-10.1176
1742390785.896651,55.76108964,12.601437613333333,-10.2326
1742390785.8969793,55.76108964,12.601437613333333,-10.2326
1742390787.8974218,55.761100025,12.601439096666667,-10.3058
1742390787.8980427,55.761100025,12.601439096666667,-10.3058
1742390788.8967633,55.76110166833333,12.601439586666666,-10.4324
1742390788.89705,55.76110166833333,12.601439586666666,-10.4324
1742390789.8981347,55.76110233833333,12.60143796,-10.6124
1742390789.8984141,55.76110233833333,12.60143796,-10.6124
1742390790.8955715,55.76110297333334,12.601433761666666,-10.868
1742390790.8960607,55.76110297333334,12.601433761666666,-10.868
1742390791.895986,55.76110234833333,12.601431228333333,-10.7526
1742390791.8960063,55.76110234833333,12.601431228333333,-10.7526
1742390792.8959281,55.76110238,12.601430008333333,-10.5252
1742390792.8962643,55.76110238,12.601430008333333,-10.5252
1742390793.8945713,55.76110090666667,12.601431265,-10.0949
1742390793.8949242,55.76110090666667,12.601431265,-10.0949
1742390794.896523,55.7611011,12.601429533333333,-10.0186
1742390794.8968203,55.7611011,12.601429533333333,-10.0186
1742390795.8951836,55.761101595,12.601425831666667,-10.2001
1742390795.895419,55.761101595,12.601425831666667,-10.2001
1742390796.8955276,55.76110001833333,12.60142281,-9.9727
1742390796.8957543,55.76110001833333,12.60142281,-9.9727
1742390797.8942256,55.76109339,12.60143207,-9.6099
1742390797.894492,55.76109339,12.60143207,-9.6099
1742390798.8955956,55.76108291,12.601451291666667,-9.4929
1742390798.895849,55.76108291,12.601451291666667,-9.4929
1742390799.8978827,55.761072338333335,12.601471628333334,-9.3844
1742390799.8982558,55.761072338333335,12.601471628333334,-9.3844
1742390800.8958025,55.761063805,12.601492008333333,-9.2908
1742390800.8960207,55.761063805,12.601492008333333,-9.2908
1742390801.8947852,55.76105475166667,12.601513316666667,-9.2471
1742390803.8958309,55.76103675833333,12.601558325,-8.8974
1742390803.896208,55.76103675833333,12.601558325,-8.8974
1742390804.8978934,55.761028153333335,12.601582751666667,-8.4998
1742390804.8980663,55.761028153333335,12.601582751666667,-8.4998
1742390805.893655,55.76101838333334,12.60160193,-8.129
1742390805.893921,55.76101838333334,12.60160193,-8.129
1742390806.8956718,55.761008145,12.601620906666666,-7.8267
1742390806.8958683,55.761008145,12.601620906666666,-7.8267
1742390807.8964233,55.76099961,12.60164223,-7.4262
1742390807.896816,55.76099961,12.60164223,-7.4262
1742390808.8954184,55.76099119333333,12.601663676666666,-7.0266
1742390808.8962607,55.76099119333333,12.601663676666666,-7.0266
1742390810.8936498,55.76097170166667,12.601707768333334,-6.5114
1742390811.8946805,55.76096191,12.601731488333334,-6.2331
1742390812.8967896,55.76095290833333,12.601756186666666,-5.9787
1742390813.8955388,55.76094511833333,12.601774941666667,-5.6352
1742390813.8955529,55.76094511833333,12.601774941666667,-5.6352
1742390814.8956654,55.76093989833333,12.601789623333334,-5.3913
1742390814.8961062,55.76093989833333,12.601789623333334,-5.3913
1742390815.8946393,55.76093951833333,12.601803658333333,-5.1685
1742390815.8948953,55.76093951833333,12.601803658333333,-5.1685
1742390816.8943264,55.76093833,12.60181519,-5.2264
1742390816.8947246,55.76093833,12.60181519,-5.2264
1742390817.893967,55.760935788333335,12.601823973333333,-5.3985
1742390819.8967094,55.760927196666664,12.601842483333334,-4.8012
1742390819.8967202,55.760927196666664,12.601842483333334,-4.8012
1742390820.8951359,55.76092400666667,12.601848715,-4.6054
1742390820.8954172,55.76092400666667,12.601848715,-4.6054
1742390821.8943198,55.760919955,12.601855791666667,-4.3347
1742390821.8945491,55.760919955,12.601855791666667,-4.3347
1742390822.8957443,55.76091606,12.60186242,-4.1569
1742390823.8934598,55.760911238333335,12.60186701,-4.3071
1742390823.8938565,55.760911238333335,12.60186701,-4.3071
1742390824.8946924,55.760907743333334,12.601868646666667,-4.3823
1742390824.895186,55.760907743333334,12.601868646666667,-4.3823
1742390825.8946917,55.76090530166667,12.601869905,-4.5387
1742390825.8949587,55.76090530166667,12.601869905,-4.5387
1742390826.8960626,55.76090493,12.601871133333333,-4.8645
1742390826.8963552,55.76090493,12.601871133333333,-4.8645
1742390827.8932855,55.76091249833333,12.601867343333334,-5.0566
1742390827.8935676,55.76091249833333,12.601867343333334,-5.0566
1742390828.8928754,55.760925101666665,12.601859581666666,-5.2177
1742390829.8945627,55.760940463333334,12.601849056666667,-5.3219
1742390829.8950841,55.760940463333334,12.601849056666667,-5.3219
1742390830.8959422,55.76095858666667,12.601839146666666,-5.3339
1742390830.896238,55.76095858666667,12.601839146666666,-5.3339
1742390831.893996,55.76097533666667,12.601824843333333,-5.2918
1742390832.8921094,55.760991965,12.601808185,-5.2428
1742390832.8925207,55.760991965,12.601808185,-5.2428
1742390833.892596,55.76100853,12.601797548333334,-5.195
1742390833.8928852,55.76100853,12.601797548333334,-5.195
1742390834.8954513,55.76102638166667,12.601787588333334,-5.2087
1742390834.8962717,55.76102638166667,12.601787588333334,-5.2087
1742390835.892856,55.76104411666667,12.60177507,-5.256
1742390835.8931737,55.76104411666667,12.60177507,-5.256
1742390837.8938723,55.76106869,12.60175,-5.4778
1742390837.8942351,55.76106869,12.60175,-5.4778
1742390838.8936436,55.76107613333333,12.601744025,-5.5092
1742390838.894097,55.76107613333333,12.601744025,-5.5092
1742390839.8941505,55.761080856666666,12.601742171666666,-5.5144
1742390841.8944905,55.761086935,12.601736611666666,-5.576
1742390841.894698,55.761086935,12.601736611666666,-5.576
1742390842.895341,55.76108635666667,12.60173053,-5.4169
1742390843.8938005,55.76108796,12.60172528,-5.4116
1742390843.8938272,55.76108796,12.60172528,-5.4116
1742390844.8947737,55.761089125,12.601722185,-5.5136
1742390844.8952184,55.761089125,12.601722185,-5.5136
1742390845.8925438,55.761087466666666,12.60171882,-5.525
1742390845.8926542,55.761087466666666,12.60171882,-5.525
1742390846.8935325,55.76108397833333,12.601718401666666,-5.7523
1742390846.893798,55.76108397833333,12.601718401666666,-5.7523
1742390847.893188,55.761082953333336,12.601719625,-5.9179
1742390847.8933504,55.761082953333336,12.601719625,-5.9179
1742390848.8937542,55.761081456666666,12.601720258333334,-6.0276
1742390848.8939908,55.761081456666666,12.601720258333334,-6.0276
1742390849.8949134,55.76108035833333,12.601721403333332,-6.1266
1742390850.8912375,55.761079558333336,12.601723055,-6.2351
1742390850.8914716,55.761079558333336,12.601723055,-6.2351
1742390851.892238,55.761078893333334,12.601725056666666,-6.2566
1742390851.8925116,55.761078893333334,12.601725056666666,-6.2566
1742390852.8922195,55.76107811,12.601723928333334,-6.4257
1742390852.892456,55.76107811,12.601723928333334,-6.4257
1742390853.8931792,55.761078595,12.60170818,-6.4002
1742390853.8932068,55.761078595,12.60170818,-6.4002
1742390854.895242,55.76108236,12.601682313333333,-6.4942
1742390854.895885,55.76108236,12.601682313333333,-6.4942
1742390855.8927543,55.76108662833333,12.601652908333334,-6.5132
1742390856.8934913,55.76109090666667,12.60162384,-6.6763
1742390856.8937562,55.76109090666667,12.60162384,-6.6763
1742390857.8923628,55.76109371333333,12.6015955,-6.8998
1742390857.8927226,55.76109371333333,12.6015955,-6.8998
1742390859.8947718,55.7610948,12.601529881666666,-7.5022
1742390859.8948321,55.7610948,12.601529881666666,-7.5022
1742390860.892914,55.761094703333335,12.6014952,-7.8898
1742390860.893155,55.761094703333335,12.6014952,-7.8898
1742390861.8911674,55.761094058333335,12.60146041,-8.1641
1742390861.8914993,55.761094058333335,12.60146041,-8.1641
1742390862.8927712,55.761095303333335,12.601427328333333,-8.5384
1742390862.8930252,55.761095303333335,12.601427328333333,-8.5384
1742390863.8931985,55.76109747833333,12.601398455,-9.0098
1742390863.8936768,55.76109747833333,12.601398455,-9.0098
1742390864.893817,55.761099775,12.601376836666667,-9.3645
1742390865.8915675,55.761102253333334,12.601359591666666,-9.6945
1742390865.8918433,55.761102253333334,12.601359591666666,-9.6945
1742390866.891483,55.76110468666667,12.601349106666667,-9.9753
1742390866.8917444,55.76110468666667,12.601349106666667,-9.9753
1742390867.8918793,55.761107343333336,12.601337703333334,-10.1511
1742390867.8922098,55.761107343333336,12.601337703333334,-10.1511
1742390868.89273,55.76110858166667,12.601331538333334,-10.1899
1742390868.8933764,55.76110858166667,12.601331538333334,-10.1899
1742390869.8947039,55.761107161666665,12.601328188333333,-10.2608
1742390870.89181,55.761106696666666,12.601323495,-10.2366
1742390870.8921027,55.761106696666666,12.601323495,-10.2366
1742390871.891814,55.761105125,12.601323298333334,-10.5033
1742390872.8922493,55.76110297666666,12.601321656666666,-10.8548
1742390873.8927453,55.761091361666665,12.601323966666667,-11.071
1742390873.8932478,55.761091361666665,12.601323966666667,-11.071
1742390874.8940125,55.761074181666665,12.601330086666668,-11.4549
1742390874.8940227,55.761074181666665,12.601330086666668,-11.4549
1742390875.8911645,55.761056878333335,12.601340888333333,-11.5446
1742390876.8914618,55.761041075,12.60135217,-11.5527
1742390876.8916974,55.761041075,12.60135217,-11.5527
1742390877.8919137,55.76102463,12.601365596666666,-11.4592
1742390877.8922102,55.76102463,12.601365596666666,-11.4592
1742390878.8932257,55.76100856666667,12.601378565,-11.2648
1742390879.8927834,55.76099364666667,12.601392801666666,-11.2256
1742390879.8932416,55.76099364666667,12.601392801666666,-11.2256
1742390880.891003,55.76097825,12.60140507,-11.1401
1742390880.8912055,55.76097825,12.60140507,-11.1401
1742390881.8915167,55.76096246666667,12.601419315,-11.118
1742390881.8915403,55.76096246666667,12.601419315,-11.118
1742390882.8921301,55.760948115,12.601430186666667,-11.1392
1742390882.89261,55.760948115,12.601430186666667,-11.1392
1742390884.8957353,55.760930206666664,12.601443866666667,-11.7405
1742390884.8957565,55.760930206666664,12.601443866666667,-11.7405
1742390885.8912978,55.760927626666664,12.601443391666667,-11.8707
1742390886.890867,55.76093027833333,12.60144066,-12.0468
1742390886.8911548,55.76093027833333,12.60144066,-12.0468
1742390887.8899095,55.76093156333334,12.60144258,-11.6978
1742390887.890199,55.76093156333334,12.60144258,-11.6978
1742390888.8926144,55.760929185,12.601446605,-11.8009
1742390888.8930023,55.760929185,12.601446605,-11.8009
1742390889.8947158,55.76092619666667,12.601451148333334,-12.0822
1742390889.8950298,55.76092619666667,12.601451148333334,-12.0822
1742390890.8914917,55.76092533166667,12.601458223333333,-12.3118
1742390890.8916702,55.76092533166667,12.601458223333333,-12.3118
1742390891.889522,55.760926346666665,12.601459723333333,-12.4911
1742390891.8897798,55.760926346666665,12.601459723333333,-12.4911
1742390892.8895035,55.760927165,12.601458938333334,-12.5642
1742390892.8897872,55.760927165,12.601458938333334,-12.5642
1742390894.8912277,55.760928113333335,12.60143199,-12.4441
1742390894.8917007,55.760928113333335,12.60143199,-12.4441
1742390896.890827,55.760908871666665,12.601407026666667,-12.4917
1742390896.8910952,55.760908871666665,12.601407026666667,-12.4917
1742390897.8899658,55.76090135166667,12.601395916666666,-12.5223
1742390897.8902588,55.76090135166667,12.601395916666666,-12.5223
1742390898.890185,55.760896205,12.601384798333333,-12.6195
1742390898.8906653,55.760896205,12.601384798333333,-12.6195
1742390899.8934314,55.76089205,12.601375851666667,-12.8499
1742390899.8942251,55.76089205,12.601375851666667,-12.8499
1742390900.8901775,55.76088832833333,12.601366745,-12.9491
1742390900.89038,55.76088832833333,12.601366745,-12.9491
1742390901.890345,55.760883415,12.601353306666667,-12.9634
1742390901.890614,55.760883415,12.601353306666667,-12.9634
1742390902.8900745,55.760879771666666,12.601333575,-12.9295
1742390902.8905118,55.760879771666666,12.601333575,-12.9295
1742390903.8909185,55.76087951,12.601310403333333,-12.998
1742390903.89146,55.76087951,12.601310403333333,-12.998
1742390904.8909016,55.760879456666665,12.601281753333334,-13.0845
1742390904.8919613,55.760879456666665,12.601281753333334,-13.0845
1742390905.8906264,55.760879331666665,12.601246215,-13.2756
1742390905.890853,55.760879331666665,12.601246215,-13.2756
1742390906.8902833,55.76088137666667,12.601213688333333,-13.3435
1742390906.890554,55.76088137666667,12.601213688333333,-13.3435
1742390907.8907304,55.76088463,12.601190973333333,-13.3102
1742390907.8912249,55.76088463,12.601190973333333,-13.3102
1742390910.8899078,55.76088806333333,12.601151786666666,-13.3433
1742390910.8903255,55.76088806333333,12.601151786666666,-13.3433
1742390911.890106,55.760889086666666,12.601130623333333,-13.4788
1742390912.8908803,55.760890266666664,12.601104476666666,-13.4662
1742390912.8911512,55.760890266666664,12.601104476666666,-13.4662
1742390913.8906212,55.76089185,12.601079145,-13.4078
1742390913.8909495,55.76089185,12.601079145,-13.4078
1742390914.8929088,55.76089551166667,12.60105948,-13.3735
1742390914.8934796,55.76089551166667,12.60105948,-13.3735
1742390915.8900294,55.76089726666667,12.601043621666667,-13.4061
1742390915.890241,55.76089726666667,12.601043621666667,-13.4061
1742390916.8896,55.76089683166666,12.601033636666667,-13.5003
1742390916.8899255,55.76089683166666,12.601033636666667,-13.5003
1742390917.8916166,55.760896205,12.60102429,-13.5957
1742390917.8920176,55.760896205,12.60102429,-13.5957
1742390918.889378,55.760893773333336,12.601016716666667,-13.8379
1742390919.891011,55.760894953333334,12.601010175,-13.6511
1742390919.8914728,55.760894953333334,12.601010175,-13.6511
1742390920.8897803,55.76089118833333,12.601004103333333,-13.7681
1742390920.890563,55.76089118833333,12.601004103333333,-13.7681
1742390921.889115,55.76088759,12.60100251,-13.7637
1742390922.8898406,55.760886211666666,12.601003066666667,-13.7549
1742390922.8901124,55.760886211666666,12.601003066666667,-13.7549
1742390923.8914044,55.76088580166667,12.601003433333334,-13.7523
1742390923.8921368,55.76088580166667,12.601003433333334,-13.7523
1742390925.8901558,55.760899601666665,12.601001785,-13.2973
1742390925.8904963,55.760899601666665,12.601001785,-13.2973
1742390926.8901167,55.76090698833333,12.600993465,-12.7808
1742390926.8904507,55.76090698833333,12.600993465,-12.7808
1742390927.8899739,55.76091250333333,12.600985213333333,-12.4867
1742390927.890327,55.76091250333333,12.600985213333333,-12.4867
1742390928.8896573,55.76091771833333,12.600975333333333,-12.4946
1742390929.8918688,55.76092335166667,12.600966295,-12.3184
1742390930.8892324,55.76092825333333,12.600962091666666,-12.2576
1742390930.8894362,55.76092825333333,12.600962091666666,-12.2576
1742390931.8895013,55.760938795,12.600962563333333,-12.5077
1742390931.8897784,55.760938795,12.600962563333333,-12.5077
1742390932.8888664,55.76095081333333,12.600970651666668,-12.5769
1742390933.8902097,55.760965973333334,12.600980958333333,-12.6275
1742390933.8904834,55.760965973333334,12.600980958333333,-12.6275
1742390934.8931868,55.760979406666664,12.600990106666666,-12.7989
1742390934.893656,55.760979406666664,12.600990106666666,-12.7989
1742390935.890428,55.76099339833333,12.600995501666667,-12.8575
1742390935.8906667,55.76099339833333,12.600995501666667,-12.8575
1742390936.8890624,55.761007535,12.600999456666667,-12.7579
1742390937.8897164,55.76102027666667,12.601000555,-12.6376
1742390938.890197,55.761032963333335,12.601001625,-12.4656
1742390938.890404,55.761032963333335,12.601001625,-12.4656
1742390940.8892305,55.76106672,12.601012471666667,-12.2313
1742390940.8894699,55.76106672,12.601012471666667,-12.2313
1742390941.8922305,55.76108297333333,12.60102033,-12.1747
1742390942.890344,55.76109816,12.601027095,-12.097
1742390943.8899074,55.76111392666667,12.601029243333333,-11.9783
1742390943.8903446,55.76111392666667,12.601029243333333,-11.9783
1742390944.8928013,55.761126935,12.601027515,-11.8844
1742390945.8887696,55.76113847166667,12.601024565,-11.8834
1742390947.8894174,55.761145451666664,12.601014033333334,-12.0321
1742390947.8896377,55.761145451666664,12.601014033333334,-12.0321
1742390948.8900526,55.76113866833333,12.601009478333333,-11.9518
1742390948.8905506,55.76113866833333,12.601009478333333,-11.9518
1742390949.8900065,55.76113362,12.601009083333333,-11.8079
1742390949.8912039,55.76113362,12.601009083333333,-11.8079
1742390950.887813,55.761130058333336,12.601008,-11.5942
1742390950.888168,55.761130058333336,12.601008,-11.5942
1742390951.889347,55.76112904,12.601006945,-11.3674
1742390951.890225,55.76112904,12.601006945,-11.3674
1742390952.8879054,55.76113285666667,12.601003791666667,-11.1185
1742390952.8882427,55.76113285666667,12.601003791666667,-11.1185
1742390953.8899517,55.76113642166667,12.601006355,-10.7439
1742390955.88996,55.76114166166667,12.601016533333333,-10.0404
1742390955.8901508,55.76114166166667,12.601016533333333,-10.0404
1742390956.888557,55.76114381,12.60102123,-9.8748
1742390956.8888583,55.76114381,12.60102123,-9.8748
1742390957.8907843,55.761147238333336,12.601025456666667,-9.4347
1742390959.8902907,55.76115484166667,12.601020313333333,-8.5721
1742390960.8870418,55.761156335,12.601020495,-8.2972
1742390960.8872728,55.761156335,12.601020495,-8.2972
1742390961.8876972,55.76115720833333,12.60101913,-8.1414
1742390961.887842,55.76115720833333,12.60101913,-8.1414
1742390962.8878064,55.761157776666664,12.601016191666666,-8.0105
1742390964.8906143,55.76116255833333,12.600986866666666,-7.7491
1742390964.891392,55.76116255833333,12.600986866666666,-7.7491
1742390965.8888,55.76116720666667,12.6009693,-7.7128
1742390965.8890603,55.76116720666667,12.6009693,-7.7128
1742390966.8868182,55.76117127166667,12.600958958333333,-7.8039
1742390966.887156,55.76117127166667,12.600958958333333,-7.8039
1742390967.8872352,55.76117438,12.600950416666667,-7.8572
1742390967.8875957,55.76117438,12.600950416666667,-7.8572
1742390968.8882732,55.76117722666667,12.600940681666666,-7.8021
1742390968.8885508,55.76117722666667,12.600940681666666,-7.8021
1742390969.8893685,55.76117907333333,12.600931273333334,-7.7408
1742390969.8896854,55.76117907333333,12.600931273333334,-7.7408
1742390970.8882635,55.761179176666666,12.600921371666667,-7.4846
1742390970.8885412,55.761179176666666,12.600921371666667,-7.4846
1742390971.8880057,55.761179766666665,12.600914446666666,-7.2602
1742390971.8882456,55.761179766666665,12.600914446666666,-7.2602
1742390972.8891447,55.761179868333336,12.600908703333333,-7.974
1742390973.8878396,55.76117984,12.600907125,-8.4665
1742390973.8881614,55.76117984,12.600907125,-8.4665
1742390974.8886242,55.76118057,12.600903311666666,-8.5562
1742390974.8886375,55.76118057,12.600903311666666,-8.5562
1742390975.8876925,55.761179123333335,12.600899158333334,-8.5336
1742390975.8878999,55.761179123333335,12.600899158333334,-8.5336
1742390976.887496,55.76117164833333,12.600893178333333,-8.7831
1742390976.8877225,55.76117164833333,12.600893178333333,-8.7831
1742390977.8878038,55.76116040833333,12.600888003333333,-8.8408
1742390977.8878243,55.76116040833333,12.600888003333333,-8.8408
1742390979.8944175,55.76114045833334,12.60088673,-9.2591
1742390980.8863707,55.76113608166666,12.600893698333334,-9.218
1742390980.8866487,55.76113608166666,12.600893698333334,-9.218
1742390981.8868718,55.76113324333333,12.600897406666666,-8.9179
1742390981.8871775,55.76113324333333,12.600897406666666,-8.9179
1742390982.889536,55.761130648333335,12.600899028333334,-8.8497
1742390983.889615,55.761128541666665,12.600897246666667,-9.1242
1742390983.8900435,55.761128541666665,12.600897246666667,-9.1242
1742390985.8859282,55.76113273666667,12.600876136666667,-8.9627
1742390985.8861372,55.76113273666667,12.600876136666667,-8.9627
1742390986.8866692,55.76113229333333,12.600854215,-8.6234
1742390987.887602,55.761130386666665,12.600840673333334,-8.3892
1742390987.8879783,55.761130386666665,12.600840673333334,-8.3892
1742390989.8898191,55.761132028333336,12.600822601666666,-8.0563
1742390989.8913903,55.761132028333336,12.600822601666666,-8.0563
1742390990.8882482,55.761131911666666,12.600811411666667,-7.8333
1742390990.8884716,55.761131911666666,12.600811411666667,-7.8333
1742390991.8874083,55.761134543333334,12.600786,-7.6613
1742390991.8874986,55.761134543333334,12.600786,-7.6613
1742390992.8868222,55.76113605,12.60075223,-7.489
1742390992.8871195,55.76113605,12.60075223,-7.489
1742390995.885854,55.761131465,12.600686288333334,-7.6469
1742390995.8861587,55.761131465,12.600686288333334,-7.6469
1742390996.887822,55.761131835,12.60067727,-7.6976
1742390996.888082,55.761131835,12.60067727,-7.6976
1742390997.8870711,55.76113272,12.60066944,-7.7206
1742390997.8875206,55.76113272,12.60066944,-7.7206
1742390999.890116,55.76113307833333,12.60065386,-7.7872
1742390999.8901556,55.76113307833333,12.60065386,-7.7872
1742391000.8871193,55.761132833333335,12.600638971666667,-7.9633
1742391001.8870573,55.76112711,12.600615801666667,-7.9764
1742391001.887076,55.76112711,12.600615801666667,-7.9764
1742391002.8867452,55.761119666666666,12.60058983,-7.9728
1742391002.8869884,55.761119666666666,12.60058983,-7.9728
1742391004.8901231,55.76110729166667,12.600546525,-7.6889
1742391005.8861117,55.76110388,12.600533088333334,-7.5387
1742391005.8863358,55.76110388,12.600533088333334,-7.5387
1742391006.88563,55.761102238333336,12.600523701666667,-7.6448
1742391006.8859599,55.761102238333336,12.600523701666667,-7.6448
1742391007.887277,55.7611028,12.600512586666667,-7.8078
1742391008.8859527,55.76110016,12.600487446666667,-7.6611
1742391008.8868122,55.76110016,12.600487446666667,-7.6611
1742391009.890762,55.76109473166667,12.600458096666667,-7.6565
1742391009.8907866,55.76109473166667,12.600458096666667,-7.6565
1742391011.8870077,55.761083428333336,12.600417466666666,-7.5748
1742391011.887271,55.761083428333336,12.600417466666666,-7.5748
1742391012.8856087,55.761079646666666,12.600407491666667,-7.5869
1742391012.8858016,55.761079646666666,12.600407491666667,-7.5869
1742391013.886663,55.76107962333333,12.600406093333334,-7.6247
1742391013.8869748,55.76107962333333,12.600406093333334,-7.6247
1742391014.8921597,55.7610817,12.600414991666666,-7.6284
1742391015.8865335,55.761083293333336,12.600419168333334,-7.6019
1742391015.8867517,55.761083293333336,12.600419168333334,-7.6019
1742391016.8864806,55.76108538166667,12.600419411666667,-7.6409
1742391016.8866775,55.76108538166667,12.600419411666667,-7.6409
1742391017.8867686,55.76108736333333,12.600418753333333,-7.617
1742391017.8872738,55.76108736333333,12.600418753333333,-7.617
1742391018.8853865,55.761090661666664,12.60041943,-7.3744
1742391018.8857796,55.761090661666664,12.60041943,-7.3744
1742391019.8887033,55.761093478333336,12.600422495,-6.9
1742391019.8900309,55.761093478333336,12.600422495,-6.9
1742391020.8858125,55.76109686666667,12.600426363333334,-5.8709
1742391021.8859599,55.76110136166667,12.600428346666666,-5.6748
1742391021.8862827,55.76110136166667,12.600428346666666,-5.6748
1742391022.8865342,55.76110479166667,12.600426963333334,-5.6851
1742391022.8868506,55.76110479166667,12.600426963333334,-5.6851
1742391023.8863776,55.76110732833333,12.600423038333334,-5.8806
1742391023.8868706,55.76110732833333,12.600423038333334,-5.8806
1742391024.886301,55.76110808833333,12.600420845,-5.919
1742391024.8867097,55.76110808833333,12.600420845,-5.919
1742391025.8876631,55.76110910166667,12.600414703333334,-5.7343
1742391025.887825,55.76110910166667,12.600414703333334,-5.7343
1742391026.8857965,55.76110893166667,12.600403866666667,-5.8088
1742391026.8860922,55.76110893166667,12.600403866666667,-5.8088
1742391027.8851552,55.761109913333335,12.600397718333333,-5.8425
1742391027.8854675,55.761109913333335,12.600397718333333,-5.8425
1742391028.8868701,55.761112375,12.600390585,-5.7995
1742391028.887183,55.761112375,12.600390585,-5.7995
1742391029.8909614,55.761115581666665,12.60038194,-5.7957
1742391030.8856897,55.76111764,12.600372131666667,-5.9081
1742391030.8861992,55.76111764,12.600372131666667,-5.9081
1742391031.8862743,55.76111973,12.60036347,-5.6729
1742391031.8865385,55.76111973,12.60036347,-5.6729
1742391032.8856518,55.76112225666667,12.60035727,-5.5563
1742391032.8859005,55.76112225666667,12.60035727,-5.5563
1742391033.885932,55.761124725,12.600354501666667,-5.4163
1742391034.8865793,55.761122666666665,12.600351523333334,-5.2422
1742391034.886875,55.761122666666665,12.600351523333334,-5.2422
1742391035.886085,55.761112966666666,12.600353235,-4.9227
1742391035.8863244,55.761112966666666,12.600353235,-4.9227
1742391036.8861449,55.761099655,12.600353706666667,-4.6829
1742391036.8863864,55.761099655,12.600353706666667,-4.6829
1742391037.8859756,55.761090943333336,12.600354033333334,-4.3258
1742391038.8858645,55.761084333333336,12.600352485,-3.973
1742391038.8863032,55.761084333333336,12.600352485,-3.973
1742391039.8880146,55.76107916,12.600350701666667,-3.9002
1742391039.8889768,55.76107916,12.600350701666667,-3.9002
1742391040.8850336,55.761081335,12.60034576,-3.8153
1742391040.8852658,55.761081335,12.60034576,-3.8153
1742391041.8853288,55.761085521666665,12.600345251666667,-3.9801
1742391041.8853483,55.761085521666665,12.600345251666667,-3.9801
1742391042.887595,55.761088771666664,12.600341738333332,-4.0592
1742391042.8882809,55.761088771666664,12.600341738333332,-4.0592
1742391043.8863056,55.76109059833333,12.60033557,-3.9769
1742391043.887097,55.76109059833333,12.60033557,-3.9769
1742391044.8856144,55.761091816666664,12.600329466666667,-3.9457
1742391044.885931,55.761091816666664,12.600329466666667,-3.9457
1742391045.884705,55.761093536666664,12.600322856666667,-3.8834
1742391045.884935,55.761093536666664,12.600322856666667,-3.8834
1742391046.8854604,55.761093196666664,12.60031523,-3.5125
1742391046.8856885,55.761093196666664,12.60031523,-3.5125
1742391047.8858566,55.76109123166667,12.600306973333334,-3.3035
1742391047.8861241,55.76109123166667,12.600306973333334,-3.3035
1742391048.8864143,55.76108874,12.600302543333333,-3.0403
1742391048.8866773,55.76108874,12.600302543333333,-3.0403
1742391049.8882267,55.76109015,12.600301081666666,-2.5811
1742391049.888603,55.76109015,12.600301081666666,-2.5811
1742391050.886769,55.76109299666667,12.60030782,-2.1602
1742391050.887737,55.76109299666667,12.60030782,-2.1602
1742391051.884318,55.761090335,12.600327478333334,-2.0719
1742391051.8845396,55.761090335,12.600327478333334,-2.0719
1742391053.8871648,55.76107963333333,12.60035716,-1.9061
1742391053.887366,55.76107963333333,12.60035716,-1.9061
1742391054.8864913,55.76107428833333,12.600370378333333,-1.7442
1742391054.8869514,55.76107428833333,12.600370378333333,-1.7442
1742391055.8859816,55.76106907333333,12.600384076666666,-1.5639
1742391055.886397,55.76106907333333,12.600384076666666,-1.5639
1742391056.885327,55.76106473,12.60039848,-1.3452
1742391056.8853402,55.76106473,12.60039848,-1.3452
1742391057.8853676,55.76106014,12.600412591666666,-1.1355
1742391057.8857841,55.76106014,12.600412591666666,-1.1355
1742391058.8858154,55.76105603,12.600428491666667,-0.95
1742391058.8862908,55.76105603,12.600428491666667,-0.95
1742391059.8884494,55.76105121166667,12.600444006666667,-0.7896
1742391060.8839123,55.76105071166667,12.60045917,-0.3144
1742391060.8841708,55.76105071166667,12.60045917,-0.3144
1742391061.885844,55.76105109,12.600474676666666,0.0058
1742391061.8858578,55.76105109,12.600474676666666,0.0058
1742391062.8852706,55.76105036333333,12.600493043333334,-0.1084
1742391062.8855247,55.76105036333333,12.600493043333334,-0.1084
1742391063.8843634,55.76105162,12.600510208333333,-0.2894
1742391063.8845744,55.76105162,12.600510208333333,-0.2894
1742391064.8867216,55.761054871666666,12.600526293333333,-0.186
1742391065.886037,55.761057251666664,12.600543746666666,-0.2179
1742391065.8862183,55.761057251666664,12.600543746666666,-0.2179
1742391066.884332,55.761059775,12.600561935,-0.3351
1742391066.884537,55.761059775,12.600561935,-0.3351
1742391067.8862028,55.76106254166667,12.600581016666666,-0.3077
1742391067.8862236,55.76106254166667,12.600581016666666,-0.3077
1742391068.8854275,55.76106845,12.600602036666666,-0.311
1742391069.886543,55.76107206333333,12.600623026666666,-0.5455
1742391069.8871086,55.76107206333333,12.600623026666666,-0.5455
1742391070.8863013,55.76107346333333,12.60064133,-0.8933
1742391070.8865654,55.76107346333333,12.60064133,-0.8933
1742391071.885814,55.761077398333335,12.600655368333333,-1.011
1742391071.886068,55.761077398333335,12.600655368333333,-1.011
1742391072.8856812,55.761080113333335,12.600667898333333,-1.0367
1742391072.8857088,55.761080113333335,12.600667898333333,-1.0367
1742391073.8855555,55.76108084166667,12.600681558333333,-1.2831
1742391073.885858,55.76108084166667,12.600681558333333,-1.2831
1742391074.889327,55.76108368,12.600696091666666,-1.4569
1742391075.883418,55.761087591666666,12.600709508333333,-1.1821
1742391075.8836293,55.761087591666666,12.600709508333333,-1.1821
1742391076.8861668,55.76109174,12.600722303333333,-0.8914
1742391077.8855994,55.761092463333334,12.600734251666667,-1.0249
1742391077.8858955,55.761092463333334,12.600734251666667,-1.0249
1742391078.8847318,55.7610918,12.600748971666667,-1.6952
1742391078.8849804,55.7610918,12.600748971666667,-1.6952
1742391080.8850348,55.76108867,12.600770078333333,-2.4792
1742391080.8851027,55.76108867,12.600770078333333,-2.4792
1742391081.883932,55.761085351666665,12.60077519,-2.2734
1742391081.884199,55.761085351666665,12.60077519,-2.2734
1742391083.8847113,55.76106771,12.600776813333333,-2.216
1742391083.884992,55.76106771,12.600776813333333,-2.216
1742391084.8891315,55.761054951666665,12.600775315,-2.2377
1742391084.8909743,55.761054951666665,12.600775315,-2.2377
1742391085.8832793,55.761041076666665,12.600773941666667,-2.1905
1742391085.8836234,55.761041076666665,12.600773941666667,-2.1905
1742391086.8859115,55.76102864,12.600772791666667,-2.2466
1742391086.8859377,55.76102864,12.600772791666667,-2.2466
1742391087.8841834,55.761015475,12.600777883333333,-2.8142
1742391087.8842006,55.761015475,12.600777883333333,-2.8142
1742391088.8852375,55.761002775,12.600781953333334,-3.4222
1742391088.885564,55.761002775,12.600781953333334,-3.4222
1742391089.883936,55.760990451666665,12.600779008333333,-3.7959
1742391090.8841426,55.76097992333333,12.600772045,-4.1317
1742391090.8841596,55.76097992333333,12.600772045,-4.1317
1742391091.884468,55.760968905,12.600766106666667,-4.889
1742391091.8848839,55.760968905,12.600766106666667,-4.889
1742391092.8842182,55.760961925,12.600752625,-5.0857
1742391092.8844292,55.760961925,12.600752625,-5.0857
1742391093.886213,55.760959293333336,12.600740295,-5.5513
1742391093.8865058,55.760959293333336,12.600740295,-5.5513
1742391094.889033,55.760959495,12.600729605,-5.6794
1742391094.8890667,55.760959495,12.600729605,-5.6794
1742391095.883833,55.760963825,12.60071614,-5.6744
1742391096.8835921,55.760970861666664,12.600703358333334,-5.6903
1742391096.8839648,55.760970861666664,12.600703358333334,-5.6903
1742391097.884678,55.760979695,12.600689931666667,-5.3879
1742391097.885088,55.760979695,12.600689931666667,-5.3879
1742391098.88409,55.760986155,12.600681668333333,-5.1743
1742391098.8842957,55.760986155,12.600681668333333,-5.1743
1742391099.8875976,55.760995075,12.600676658333333,-5.2828
1742391099.8892322,55.760995075,12.600676658333333,-5.2828
1742391101.882647,55.76101497166667,12.600660945,-5.7141
1742391101.8829932,55.76101497166667,12.600660945,-5.7141
1742391102.8853512,55.76102451333333,12.600649498333333,-5.603
1742391103.8847136,55.76103312666667,12.600640881666667,-5.9908
1742391103.8849416,55.76103312666667,12.600640881666667,-5.9908
1742391104.8846815,55.761038325,12.600630273333334,-6.2878
1742391104.8874252,55.761038325,12.600630273333334,-6.2878
1742391105.8839798,55.761044928333334,12.600616548333333,-6.5909
1742391105.8839984,55.761044928333334,12.600616548333333,-6.5909
1742391106.8831947,55.76105192166666,12.60059907,-6.7417
1742391106.8836343,55.76105192166666,12.60059907,-6.7417
1742391107.8852203,55.761058778333336,12.600578896666667,-6.8318
1742391108.88494,55.761065955,12.600557868333333,-7.0192
1742391108.8855145,55.761065955,12.600557868333333,-7.0192
1742391109.8862336,55.76107278,12.600536926666667,-7.2793
1742391110.8839974,55.761079538333334,12.600515043333333,-7.4992
1742391110.8840268,55.761079538333334,12.600515043333333,-7.4992
1742391111.8835266,55.761085881666666,12.600492178333333,-7.7113
1742391111.883768,55.761085881666666,12.600492178333333,-7.7113
1742391112.8842156,55.76109211833333,12.600468581666666,-8.0181
1742391112.8844695,55.76109211833333,12.600468581666666,-8.0181
1742391114.8853295,55.76110189333333,12.60042878,-8.0788
1742391114.885916,55.76110189333333,12.60042878,-8.0788
1742391115.8836486,55.76110552666667,12.600409151666666,-7.9108
1742391115.8838768,55.76110552666667,12.600409151666666,-7.9108
1742391116.883573,55.761106545,12.600393485,-7.5018
1742391116.8838851,55.761106545,12.600393485,-7.5018
1742391117.8852842,55.76110525,12.600384791666666,-7.1708
1742391117.8855855,55.76110525,12.600384791666666,-7.1708
1742391118.8849275,55.76110241166667,12.600376193333334,-6.9734
1742391118.8852446,55.76110241166667,12.600376193333334,-6.9734
1742391119.8845186,55.76109846666667,12.600373861666666,-6.7509
1742391119.885118,55.76109846666667,12.600373861666666,-6.7509
1742391120.8834403,55.761098278333336,12.600374488333333,-6.5268
1742391120.8837452,55.761098278333336,12.600374488333333,-6.5268
1742391121.8845036,55.761098393333334,12.600371781666666,-6.6114
1742391121.8847725,55.761098393333334,12.600371781666666,-6.6114
1742391123.884097,55.761099861666665,12.600373223333333,-6.7221
1742391124.8859088,55.761100191666664,12.600376346666666,-6.729
1742391124.8866317,55.761100191666664,12.600376346666666,-6.729
1742391126.8849301,55.76110087166666,12.60037877,-6.2652
1742391126.8851738,55.76110087166666,12.60037877,-6.2652
1742391128.8852887,55.76109601,12.600387211666666,-6.2816
1742391128.88553,55.76109601,12.600387211666666,-6.2816
1742391130.8839672,55.76110418,12.600394395,-6.2025
1742391131.882744,55.76110624,12.600389625,-6.3209
1742391131.8830636,55.76110624,12.600389625,-6.3209
1742391132.882681,55.76110771166667,12.600384481666667,-6.7215
1742391132.8828785,55.76110771166667,12.600384481666667,-6.7215
1742391133.8851402,55.76110893166667,12.600382161666667,-7.2033
1742391134.8871183,55.76110903666667,12.600380433333333,-7.8602
1742391134.8880043,55.76110903666667,12.600380433333333,-7.8602
1742391136.8830385,55.761103066666664,12.600372551666666,-8.4077
1742391136.8832567,55.761103066666664,12.600372551666666,-8.4077
1742391137.8835366,55.761101948333334,12.600370696666667,-8.8091
1742391137.8837397,55.761101948333334,12.600370696666667,-8.8091
1742391138.882422,55.761101978333336,12.600365268333332,-9.044
1742391138.8827624,55.761101978333336,12.600365268333332,-9.044
1742391139.885277,55.76110078333333,12.600357685,-9.064
1742391139.8857899,55.76110078333333,12.600357685,-9.064
1742391140.8838964,55.76109882,12.600351148333333,-8.9589
1742391140.8842134,55.76109882,12.600351148333333,-8.9589
1742391141.882217,55.761095625,12.600348216666667,-8.7133
1742391141.882542,55.761095625,12.600348216666667,-8.7133
1742391142.8835676,55.76109323833333,12.60034894,-8.6294
1742391142.8838286,55.76109323833333,12.60034894,-8.6294
1742391143.8831632,55.761095968333336,12.600374021666667,-9.2446
1742391143.883471,55.761095968333336,12.600374021666667,-9.2446
1742391144.8858385,55.761099146666666,12.60040096,-9.9438
1742391144.8864825,55.761099146666666,12.60040096,-9.9438
1742391145.8834932,55.76110181166667,12.600416598333334,-10.2638
1742391145.8837082,55.76110181166667,12.600416598333334,-10.2638
1742391146.883189,55.76110461,12.600427656666668,-10.5414
1742391146.8834133,55.76110461,12.600427656666668,-10.5414
1742391147.8822985,55.76110662666667,12.600435036666667,-10.6226
1742391147.8825316,55.76110662666667,12.600435036666667,-10.6226
1742391148.8836386,55.76110785833333,12.60044054,-10.7247
1742391149.8839066,55.761109358333336,12.600446981666666,-10.8188
1742391149.8841536,55.761109358333336,12.600446981666666,-10.8188
1742391150.8828301,55.761110996666666,12.600452496666666,-10.8051
1742391150.8830862,55.761110996666666,12.600452496666666,-10.8051
1742391151.8818705,55.761116165,12.600460296666666,-10.4656
1742391151.8821564,55.761116165,12.600460296666666,-10.4656
1742391152.8829997,55.76112147166667,12.600465258333333,-9.9853
1742391153.8824914,55.76112530666666,12.600468078333334,-9.5019
1742391153.882709,55.76112530666666,12.600468078333334,-9.5019
1742391154.8843834,55.76112853666667,12.600469831666667,-9.1562
1742391154.8851395,55.76112853666667,12.600469831666667,-9.1562
1742391155.883474,55.76113115166667,12.600470576666666,-8.8999
1742391155.8837101,55.76113115166667,12.600470576666666,-8.8999
1742391156.8817062,55.76113321333333,12.600470846666667,-8.6789
1742391156.8819628,55.76113321333333,12.600470846666667,-8.6789
1742391157.883738,55.761135151666664,12.600471085,-8.5539
1742391157.88396,55.761135151666664,12.600471085,-8.5539
1742391159.8841186,55.76113735333333,12.600470141666667,-8.0701
1742391159.8845365,55.76113735333333,12.600470141666667,-8.0701
1742391160.883817,55.761138996666666,12.600464258333334,-7.5988
1742391160.8839226,55.761138996666666,12.600464258333334,-7.5988
1742391161.8823717,55.76113943833333,12.600459225,-7.1553
1742391161.8826642,55.76113943833333,12.600459225,-7.1553
1742391162.88333,55.76113957333333,12.60045501,-6.8052
1742391162.8835347,55.76113957333333,12.60045501,-6.8052
1742391163.8842213,55.76113745333333,12.600455991666667,-6.7758
1742391163.8845227,55.76113745333333,12.600455991666667,-6.7758
1742391164.886462,55.761137383333335,12.600455811666667,-6.6991
1742391164.8872104,55.761137383333335,12.600455811666667,-6.6991
1742391165.882575,55.761138605,12.600456403333334,-6.7859
1742391165.8828366,55.761138605,12.600456403333334,-6.7859
1742391166.8827536,55.761139273333335,12.600457115,-6.8059
1742391167.8845103,55.761139488333335,12.600456766666667,-6.8524
1742391168.8840866,55.761139076666666,12.600456391666667,-6.9467
1742391168.8846405,55.761139076666666,12.600456391666667,-6.9467
1742391169.884076,55.761138493333334,12.600455066666667,-7.0564
1742391169.8851957,55.761138493333334,12.600455066666667,-7.0564
1742391170.8815525,55.761138035,12.600453093333334,-7.1013
1742391170.8819857,55.761138035,12.600453093333334,-7.1013
1742391171.8816657,55.761137276666666,12.600451235,-7.2576
1742391171.882118,55.761137276666666,12.600451235,-7.2576
1742391173.884031,55.76113528,12.600450186666666,-7.37
1742391173.8841681,55.76113528,12.600450186666666,-7.37
1742391174.8838315,55.76113478166667,12.600450716666666,-7.2997
1742391174.8845503,55.76113478166667,12.600450716666666,-7.2997
1742391175.8818195,55.761134338333335,12.600450915,-7.2052
1742391175.8820996,55.761134338333335,12.600450915,-7.2052
1742391176.8826113,55.76113119833333,12.60045463,-7.0527
1742391176.8829174,55.76113119833333,12.60045463,-7.0527
1742391177.8823407,55.76112835833333,12.600459046666666,-6.7952
1742391177.8825865,55.76112835833333,12.600459046666666,-6.7952
1742391178.8821316,55.761126813333334,12.60046192,-6.5739
1742391178.882669,55.761126813333334,12.60046192,-6.5739
1742391180.8826225,55.76112733,12.600464006666666,-6.2187
1742391180.8828826,55.76112733,12.600464006666666,-6.2187
1742391181.882195,55.761128506666665,12.600462525,-6.0704
1742391181.8824167,55.761128506666665,12.600462525,-6.0704
1742391182.8835957,55.76113047166667,12.600461031666667,-6.0336
1742391182.8838363,55.76113047166667,12.600461031666667,-6.0336
1742391183.8816316,55.76113176166667,12.600458185,-5.9808
1742391183.882063,55.76113176166667,12.600458185,-5.9808
1742391184.883468,55.76113316166666,12.600455495,-5.9955
1742391184.8841016,55.76113316166666,12.600455495,-5.9955
1742391186.8829086,55.7611354,12.600450591666666,-6.0821
1742391186.8832555,55.7611354,12.600450591666666,-6.0821
1742391187.8815317,55.76113671,12.600448028333334,-6.1364
1742391187.8817813,55.76113671,12.600448028333334,-6.1364
1742391188.883072,55.76113809,12.600444725,-6.1874
1742391188.8834004,55.76113809,12.600444725,-6.1874
